Fund Number,Market Cap,Type,Risk,Assets,Turnover Ratio(%),SD,Sharpe Ratio,1YrReturn%,3YrReturn%,5YrReturn%,10YrReturn%,Expense Ratio,Star Rating
RF001,Large,Growth,Average,654.66,57,10.9,1.59,9.2,18.2,15.92,9.53,1.11,Five
RF002,Large,Growth,Low,1999.02,0,9.44,1.32,13.31,12.75,12.27,9.7,1.1,Four
RF003,Large,Growth,Average,97.7,29,10.5,1.28,8.18,13.79,13.83,6.93,1.27,Three
RF004,Large,Growth,Average,1079.96,58,11.04,1.32,11.85,15,15.5,11.35,1,Four
RF005,Large,Growth,Average,9861.25,103,9.88,1.45,13.07,14.81,14.59,8.2,0.97,Three
RF006,Large,Growth,Average,2355.65,25,10.65,1.41,14.66,15.58,15,6.8,1,Three
RF007,Large,Growth,Average,8167.67,16,10.95,1.49,12.78,17.05,16.13,7,0.98,Three
RF008,Large,Growth,Average,271.87,8,9.88,1.41,10.32,14.05,13.03,7.41,1.02,Two
RF009,Large,Growth,Average,129.34,52,10.53,1.24,12.88,13.27,12.86,5.43,1.12,Two
RF010,Large,Growth,Low,3503.4,47.31,9.03,1.47,8.36,13.75,12,7.53,1.05,Three
RF011,Large,Growth,Average,47.49,40.41,10.94,1.34,11.66,15.05,13.97,7.49,1.2,Three
RF012,Large,Growth,Average,126.66,16.64,12.56,1.38,8.97,17.99,14.72,7.08,1.2,Three
RF013,Large,Growth,Average,18.27,30,10.05,1.36,12.58,14.03,10.79,4.75,1.25,One
RF014,Large,Growth,Average,3564.87,100,11.78,1.28,9.66,15.39,13.22,7.48,1.07,Two
RF015,Large,Growth,Average,75.83,130,12.29,1.32,10.72,16.69,14.59,9.72,1.49,Three
RF016,Large,Growth,Average,1150.51,49,10.48,1.46,13.38,15.9,14.32,7.48,1.28,Two
RF017,Large,Growth,Average,297.05,100,9.77,1.81,14.74,18.72,15.88,8.01,1.24,Four
RF018,Large,Growth,Low,105.29,6.29,9.39,1.35,9.58,13.03,12.9,6.56,0.96,Two
RF019,Large,Growth,Average,239.75,15,9.82,1.77,5.46,12.81,14.49,8.5,1.14,Three
RF020,Large,Growth,Average,505.31,37,10.88,1.41,9.42,15.55,15.73,8.88,0.91,Three
RF021,Large,Growth,Average,37.09,45,9.93,1.64,13.36,17.08,14.31,7.62,0.97,Three
RF022,Large,Growth,Average,63.71,61,11.99,1.13,5.87,13.7,12.1,6.39,1.15,One
RF023,Large,Growth,Average,3188.88,41.8,12.38,1.05,8.78,13.09,12.54,6.15,1.29,One
RF024,Large,Growth,Average,2777.51,34,10.04,1.5,12.05,15.61,13.94,7.59,1.17,Two
RF025,Large,Growth,Average,423.29,8,9.83,1.7,13.52,17.85,15.17,6.71,0.75,Three
RF026,Large,Growth,Average,97.16,78.37,10.41,1.81,15.74,17.54,14.97,6.54,1.33,Three
RF027,Large,Growth,Average,26.16,49,11.88,1.28,8.94,15.35,11.51,4.02,1.96,One
RF028,Large,Growth,Average,13634.38,5,10.93,1.85,11.52,21.55,19.59,8.83,1.15,Four
RF029,Large,Growth,Average,1614.11,18,10.44,1.81,13.68,20.03,15.5,7.47,1.24,Three
RF030,Large,Growth,Average,1559.39,41,10.24,1.58,14.14,16.89,14.64,7.83,0.98,Three
RF031,Large,Growth,Average,216.63,84,10.83,1.37,13.24,15.3,14.4,7.39,1.15,Three
RF032,Large,Growth,Average,1452.87,72.91,10.26,1.5,7.86,16.02,13.49,6.8,0.74,Three
RF033,Large,Growth,Average,906.87,49.93,10.46,1.59,9.17,17.4,15.42,17.11,0.97,Three
RF034,Large,Growth,Average,35.59,76.66,10.93,1.82,15.51,18.59,15.39,7.15,1.15,Three
RF035,Large,Growth,Average,1853.96,46.34,10.54,1.48,6.2,16.25,15.74,8.33,1.13,Three
RF036,Large,Growth,Average,151.13,42,10.28,1.6,14.53,17.26,14.12,7.94,1.05,Three
RF037,Large,Growth,Average,64.26,29,11.14,1.19,6.63,13.53,12,7.94,1.4,One
RF038,Large,Growth,Average,159.91,46,11.38,1.13,9.18,12.01,12.82,6.57,1.08,Two
RF039,Large,Growth,Average,18915.5,57,11.78,1.66,15.47,20.61,18.16,9.35,0.8,Five
RF040,Large,Growth,Average,8524.94,112,9.51,1.91,11.08,19.29,17,8.82,0.82,Four
RF041,Large,Growth,Average,106837.31,47,9.74,1.67,10.57,17.09,15.58,9.66,0.67,Five
RF042,Large,Growth,Low,1732.57,124,9.2,1.5,10.17,14.29,12.01,6.61,0.78,Two
RF043,Large,Growth,Average,1488.46,223,11.59,1.38,1.62,16.55,17.02,9.61,0.78,Four
RF044,Large,Growth,Average,5589.1,93,9.85,1.61,13.19,16.64,14.25,7.36,0.53,Three
RF045,Large,Growth,Average,1239.49,70,10.99,1.56,10.34,17.93,17.98,8.8,0.82,Four
RF046,Large,Growth,Average,4723.49,52,12.33,1.51,9.5,19.48,16.51,9.32,0.73,Three
RF047,Large,Growth,Average,18076.37,68,10.41,1.21,13.4,18.77,13.05,5.71,0.53,Two
RF048,Large,Growth,Average,1494.12,5,11.11,1.66,14.19,19.41,17.81,9.32,0.29,Five
RF049,Large,Growth,Average,3958.33,44,10.58,1.45,3.66,15.92,15.65,9.69,0.84,Four
RF050,Large,Growth,High,12260.32,106,14.07,1.42,14.7,20.8,19.36,12.14,0.77,Five
RF051,Large,Growth,Average,5177.81,10,9.84,1.69,11.38,17.43,13.08,7.47,0.67,Three
RF052,Large,Growth,Average,1434.38,158,10.31,1.67,11.83,18.09,17.23,9.55,0.78,Four
RF053,Large,Growth,Average,70.35,168,10.82,1.27,5.87,14.1,11.57,6.94,2.07,Two
RF054,Large,Growth,Average,272.07,156,9.9,1.43,8.79,14.66,11.79,8.62,1.98,Two
RF055,Large,Growth,Average,520.72,35,10.26,1.53,11.44,16.41,13.52,7.07,1.45,Two
RF056,Large,Growth,Average,1153.55,76,10.82,1.8,21.7,20.68,19.65,9.94,0.87,Five
RF057,Large,Growth,Average,958.49,75,10.32,1.62,14.45,17.55,14.68,7.22,1.18,Two
RF058,Large,Growth,Average,174.7,60,10.36,1.52,11.61,16.39,13.53,7.06,1.22,Two
RF059,Large,Growth,Average,536.38,234,10.25,1.82,18.88,19.77,17.09,7.08,0.96,Three
RF060,Large,Growth,Low,3889,12,8.97,1.53,12.14,14.25,13.54,8.05,1.18,Two
RF061,Large,Growth,Average,402.92,64,10.24,1.66,13.54,17.85,14.23,7.29,1.16,Two
RF062,Large,Growth,Low,118.21,32,9.42,1.07,12.94,16.45,13.73,6.41,1.25,Three
RF063,Large,Growth,Average,24803.03,34,11.67,1.42,10.51,17.14,15.41,8.74,1.02,Four
RF064,Large,Growth,Average,69.02,64.51,11.02,1.24,10.91,14.05,12.02,3.5,1.1,One
RF065,Large,Growth,Average,38.87,64.81,10.94,1.18,8.28,13.14,10.69,4.16,1.32,One
RF066,Large,Growth,Average,63.78,71.7,10.85,1.21,9.29,13.35,12.52,6.69,1.48,Two
RF067,Large,Growth,Low,724.4,59,9.42,1.85,15.02,18.48,17.2,8.19,0.89,Four
RF068,Large,Growth,Average,2305.53,51,10.93,1.56,12.79,17.91,12.9,9.53,0.77,Three
RF069,Large,Growth,Average,8142.33,62,9.72,1.68,16.62,17.2,13.58,7.37,0.76,Three
RF070,Large,Growth,Average,4483.08,44,9.92,1.76,15.99,18.45,16.55,9.42,0.8,Four
RF071,Large,Growth,Low,5275.93,14.1,9.4,1.61,12.52,15.81,13.29,7.27,0.89,Three
RF072,Large,Growth,Average,4194.1,62,12.17,1.51,11.5,18.26,18.22,10.84,1.25,Four
RF073,Large,Growth,Average,913.96,67,9.86,1.72,16.09,17.83,16.62,8.31,0.94,Three
RF074,Large,Growth,Average,15149.73,39,11.52,1.3,11.91,15.41,17.12,9.01,1.05,Four
RF075,Large,Growth,Average,407.28,113.28,11.12,1.4,9.54,16.17,14.26,5.88,1.46,Three
RF076,Large,Growth,Low,143.21,52,8.9,1.64,10.85,15.25,12.3,6.05,0.95,Two
RF077,Large,Growth,Average,947.75,81,10.87,1.28,5.64,14.26,11.77,7.75,1.06,Two
RF078,Large,Growth,Average,28.75,47,10.51,1.44,8.54,15.63,12.07,7.97,1.21,Three
RF079,Large,Growth,Average,308.58,83,11.26,1.46,8.87,17.14,12.39,6.9,1.43,Two
RF080,Large,Growth,Average,909.04,71,10.85,1.5,11.74,16.99,15.31,7.79,1.34,Three
RF081,Large,Growth,Average,532.14,80,10.88,1.38,9.51,15.41,15.11,6.73,1.37,Three
RF082,Large,Growth,Average,833.02,7.35,11.42,1.7,8.97,20.53,22.83,8.21,1.06,Four
RF083,Large,Growth,Average,53.27,96.3,11.59,1.08,8.34,12.63,11.33,7.66,1.54,One
RF084,Large,Growth,High,3412,31,13.62,1.35,6.42,19.02,18.05,10.26,0.96,Four
RF085,Large,Growth,High,226.62,21,13.17,1.19,5.65,15.95,15.44,9.71,1.22,Two
RF086,Large,Growth,High,367.38,39,14.51,1.17,2.9,17.23,17.02,11.13,1.27,Three
RF087,Large,Growth,Average,800.51,84,9.54,1.74,8.79,17.4,13.75,5.7,1.11,Three
RF088,Large,Growth,Average,802.51,84,9.56,1.73,8.81,17.45,13.73,5.71,1.11,Two
RF089,Large,Growth,Average,1466.88,37,10.5,1.54,12.96,16.93,14.56,7.6,1.09,Two
RF090,Large,Growth,Average,102.23,61,9.88,1.14,8.36,11.43,10.74,8.05,1.11,One
RF091,Large,Growth,Average,2381.58,36,10.41,1.55,13.85,16.86,14.95,7.76,1.06,Three
RF092,Large,Growth,Average,402.74,76,10.1,1.43,10.94,14.91,13.08,8.26,1.15,Two
RF093,Large,Growth,Average,484.58,66,12.04,1.22,9.77,15.03,15.33,7.98,1.24,Three
RF094,Large,Growth,Average,668.05,60.44,12.18,1.58,13.69,20.27,18.58,9.9,0.86,Four
RF095,Large,Growth,Average,195.19,27,10.37,1.33,11.8,14.22,14.85,6.82,1.24,Two
RF096,Large,Growth,Average,44.97,31,12.14,1.41,6.83,17.71,15,8.03,1.2,Three
RF097,Large,Growth,Average,2201.94,21,9.62,1.75,16.34,17.78,15.57,8.86,1.09,Four
RF098,Large,Growth,Average,3430.74,57.75,11.03,1.47,11.44,16.85,14.82,7.47,1.19,Two
RF099,Large,Growth,Low,30.96,7.49,9.17,1.65,14.2,15.85,14.54,6.38,1.78,Three
RF100,Large,Growth,Average,95.03,147,11.43,1.1,16.73,17.86,17.78,9.51,1.65,Four
RF101,Large,Growth,Low,124.67,14,9.35,1.3,5.21,12.4,10.43,7.56,0.93,Three
RF102,Large,Growth,Average,556.36,83,10.81,1.61,13.49,18.29,18.12,8.87,1.1,Three
RF103,Large,Growth,Average,3916.86,88,10.8,1.55,12.65,17.62,16.16,7.67,1.04,Three
RF104,Large,Growth,High,4129.36,146,13.05,1.23,8.73,16.39,12.8,8.11,0.98,Two
RF105,Large,Growth,Average,339.81,81.53,10.88,1.3,9.11,14.55,13.17,6.67,1.12,Two
RF106,Large,Growth,High,35.97,49,16.94,1.01,0.53,16.18,15.16,9.5,1.3,Three
RF107,Large,Growth,Average,283.16,21,11.7,1.37,10.17,16.61,16.58,7.79,0.97,Three
RF108,Large,Growth,Average,8.17,29,12.59,1.06,3.78,13.45,12.97,6.38,1.26,Two
RF109,Large,Growth,Average,142.42,87,10.15,1.15,5.4,11.84,10.58,7.42,1.25,Two
RF110,Large,Growth,Average,910.8,141,11.37,1.59,17.8,18.98,18.84,10.27,1.29,Five
RF111,Large,Growth,Average,166.6,594,11.22,1.58,12,18.77,18.62,8.53,1.52,Four
RF112,Large,Growth,Low,43.83,23,9.04,1.68,12.26,15.93,13.39,7.96,0.94,Three
RF113,Large,Growth,Average,170.5,27.34,10.22,1.41,12.81,14.85,13.06,7.71,1,Three
RF114,Large,Growth,Average,1741.88,25.79,11.82,1.17,7.4,13.99,14.6,7.06,1.1,Three
RF115,Large,Growth,Average,96.86,36.65,11.01,1.49,15.41,17.07,15.82,8.04,1,Three
RF116,Large,Growth,Average,21.16,150,10.04,1.27,2.38,13.03,12.84,6.78,2.45,Two
RF117,Large,Growth,Low,216.46,8,9.32,1.67,15.21,16.26,14.86,7.27,1.15,Three
RF118,Large,Growth,Average,473.81,158,10.93,1.43,15.78,16.16,15.25,9.65,1.37,Two
RF119,Large,Growth,Average,150.2,12.33,9.6,1.35,0.9,13.28,13.02,6.81,1,Two
RF120,Large,Growth,Average,339.33,94,11.14,1.42,8.84,16.46,14.65,6.66,1.17,Three
RF121,Large,Growth,Average,1573.77,35,11.88,1.27,10.14,15.19,15.51,8.47,1.13,Three
RF122,Large,Growth,Average,5536.95,37,11.88,1.29,9.18,15.7,15.37,9.42,1.18,Three
RF123,Large,Growth,Average,38.36,182,10.75,1.36,9.19,15.1,14.57,7.32,1.09,Three
RF124,Large,Growth,Average,242.29,1,11.92,1.13,5.4,13.6,12.81,6.34,1.12,Two
RF125,Large,Growth,Average,909.74,52,11.23,1.28,5.43,14.79,13.69,8.53,1.19,Three
RF126,Large,Growth,Average,58.45,48,11.44,1.58,17.02,19,16.31,7.3,1.1,Four
RF127,Large,Growth,Average,231.72,136,10.64,1.27,9.06,13.89,14.11,7.05,1.36,Three
RF128,Large,Value,Average,16.11,24.89,10.87,1.3,3.87,14.56,12.86,6.05,1.98,Two
RF129,Large,Value,Average,86.42,18.7,11.37,1.29,4.81,15.09,13.75,6.23,1.49,Three
RF130,Large,Value,Average,26.15,23,10.13,1.36,11.02,14.24,14.01,5.05,1.31,Two
RF131,Large,Value,Average,8825.64,26,10.14,1.34,8.64,13.93,13.12,6.57,1.05,Three
RF132,Large,Value,Average,719.4,22,10.18,1.48,11.34,15.59,13.5,5.62,1.11,Three
RF133,Large,Value,Average,11133.89,29,10.38,1.57,9.72,17.07,13.87,8.92,0.94,Three
RF134,Large,Value,Average,153.82,31,9.9,1.61,12.53,16.64,13.74,5.69,1,Three
RF135,Large,Value,Low,8934.63,57,7,1.78,13.72,13.03,12.23,7.01,0.93,Four
RF136,Large,Value,Average,769.93,35,10.03,1.6,12.72,16.76,13.95,5.91,0.85,Three
RF137,Large,Value,Low,3375.78,36.5,9.45,1.66,12.53,16.39,13.82,6.96,0.98,Four
RF138,Large,Value,Average,49.28,103,10.88,1.45,8.68,16.06,13.23,6.23,1.06,Two
RF139,Large,Value,Average,151.53,30.03,11.38,1.1,5.52,12.56,12.3,6.62,1.31,Three
RF140,Large,Value,Low,284.13,9,8.45,1.32,9.39,11.38,10.65,6.83,1.25,Three
RF141,Large,Value,Average,360.35,40.98,9.62,1.71,11.14,17.32,14.17,8.3,0.93,Five
RF142,Large,Value,Average,3967.57,47,10.98,1.37,8.4,15.47,13.15,6.82,0.81,Three
RF143,Large,Value,Low,27291.98,6,8.72,1.38,8.77,12.32,12.52,8.1,0.95,Three
RF144,Large,Value,Average,761.11,32,11.08,1.29,8.56,14.61,11.71,5.74,1.26,Two
RF145,Large,Value,Average,281.37,71,10.19,1.72,14.49,18.49,14.42,6.82,1.26,Four
RF146,Large,Value,Average,1185.68,57.74,9.58,1.7,11.84,17.07,14.97,7.06,1.07,Four
RF147,Large,Value,Average,942.15,26,10.41,1.88,11.89,18.2,14.6,9.26,0.95,Four
RF148,Large,Value,Average,729.66,64,9.98,1.45,6.92,15.01,11.93,5.71,1.23,Two
RF149,Large,Value,Low,5939.24,32,8.01,1.8,12.94,15.12,13.98,7,1.18,Three
RF150,Large,Value,Average,1512.18,16,9.69,1.64,11.61,18.51,13.86,6.99,0.98,Three
RF151,Large,Value,Low,234.2,18,9.1,1.72,11.35,16.42,15.67,6.95,0.66,Four
RF152,Large,Value,Low,2316.74,6,7.98,1.62,12.52,13.45,13.05,6.97,1.01,Three
RF153,Large,Value,Average,1175.45,132,9.67,1.31,10.44,12.97,11.32,3.51,1.18,One
RF154,Large,Value,Low,252.32,20.36,9.35,1.41,16.44,13.61,11.37,6.13,0.99,Three
RF155,Large,Value,Average,1612.04,67,10.7,1.58,10.12,12.7,13.94,7.58,0.98,Three
RF156,Large,Value,Low,3874.82,49,9.2,1.67,11.54,16.12,11.94,6.82,0.99,Three
RF157,Large,Value,Low,610.12,19,9.32,1.68,11.57,10.37,12.26,6.82,1.24,Three
RF158,Large,Value,Average,955.6,98,10.84,1.34,7.35,14.9,12.95,7.08,1.2,Two
RF159,Large,Value,Average,11568.87,118,10.42,1.3,9.42,13.93,13.64,7.09,1.13,Three
RF160,Large,Value,Average,155.46,31,10.33,1.26,12.66,19.25,14.92,6.14,1.3,Three
RF161,Large,Value,Average,492.72,34,11.78,1.8,11.94,19.89,15.82,7.75,0.99,Four
RF162,Large,Value,Average,348.26,102,10.85,1.56,15.08,17.67,12.12,4.97,0.73,Two
RF163,Large,Value,Low,5383.37,52,8.94,1.68,12.85,15.75,12.75,5.39,0.63,Three
RF164,Large,Value,Low,8959.28,33,8.98,1.59,8.53,14.86,12.18,5.53,0.66,Two
RF165,Large,Value,Low,820.18,72,9.43,1.72,12.54,17.09,13.67,5.76,0.72,Three
RF166,Large,Value,Average,1109.51,58,9.66,1.84,15.01,18.81,15.5,8.29,0.8,Three
RF167,Large,Value,Average,90.53,106,10.32,1.54,11.78,16.54,14.52,7.59,0.9,Four
RF168,Large,Value,Average,458.3,40,9.95,1.65,11.43,17.2,12.35,5.56,1.14,Two
RF169,Large,Value,Average,1470.12,67,10.51,1.54,11.04,16.92,12.35,6.03,1.16,Two
RF170,Large,Value,Average,519.88,222,10.22,1.68,13.46,18.1,15.43,5.83,0.9,Three
RF171,Large,Value,Average,57.33,40,9.81,1.41,7.14,14.26,11.59,6.58,1.17,Two
RF172,Large,Value,Low,148.12,34,9.15,1.47,9.16,13.95,13.12,6.42,1.22,Three
RF173,Large,Value,Average,147.51,85,9.87,1.54,13.24,15.83,13.27,5.31,1.33,Three
RF174,Large,Value,Low,77.22,23,6.4,1.4,6.38,9.18,11.01,5.29,1.27,Two
RF175,Large,Value,Average,521.8,33,11,1.57,11.04,18.05,14.87,5.34,1.2,Two
RF176,Large,Value,Average,751.95,57,10.94,1.66,11.65,19.08,15.64,4.77,1.26,Two
RF177,Large,Value,Low,9066.93,30,9.1,1.73,14.28,16.49,16.17,8.37,1.04,Four
RF178,Large,Value,Average,1672.75,49,10.23,1.71,13.25,18.48,15.26,7.63,0.84,Three
RF179,Large,Value,Average,781.95,168,11.44,1.48,14.28,17.63,13.65,6.38,0.93,Two
RF180,Large,Value,Low,20.37,29,8.73,1.57,9.58,14.26,10.96,6.61,0.95,Three
RF181,Large,Value,Average,69.92,41,12.47,1.22,10.07,15.47,10.67,4.91,0.98,One
RF182,Large,Value,Average,1608.86,104,10.29,1.44,7.8,15.28,10.95,5.84,1.12,Two
RF183,Large,Value,Low,314.82,14.34,8.24,1.54,11.49,13.14,12.66,8.04,1,Three
RF184,Large,Value,Average,102.48,23.9,10.68,1.43,12.76,15.84,11.73,5.46,0.86,Two
RF185,Large,Value,Average,1802.3,27,9.89,1.42,9.11,14.46,14,7.84,1.13,Three
RF186,Large,Value,Average,426.17,153,10.83,1.55,12.94,17.57,14.61,7.72,1.11,Three
RF187,Large,Value,Average,128.17,37,11.66,0.8,-1.71,9.14,10.67,3.38,1.28,One
RF188,Large,Value,Average,388.09,107,12.1,0.66,7.26,7.59,9.83,10.53,1.25,Three
RF189,Large,Value,Low,488.47,51,8.27,1.68,14.49,14.48,15.17,5.96,0.8,Four
RF190,Large,Value,Average,1491.33,39,9.61,1.5,13.82,14.99,15.35,7.44,1.13,Four
RF191,Large,Value,Low,11.85,14,8.65,0.77,1.23,6.59,7.13,3.61,1.92,Two
RF192,Large,Value,Low,5533.06,14.5,9.05,1.54,13.27,14.54,14.33,7.46,0.93,Three
RF193,Large,Value,Average,3235.78,118.8,10.26,1.54,9.83,16.42,14.19,6.02,0.89,Three
RF194,Large,Value,Average,22.91,563,9.98,1.41,9.82,14.55,12.13,4.43,1.78,Two
RF195,Large,Value,Average,5845.15,29,10.15,1.64,11.88,17.43,14.95,8.46,1.02,Four
RF196,Large,Value,Average,5380.88,41,10.55,1.57,9.9,17.33,13.85,5.55,1.04,Two
RF197,Large,Value,Low,36.86,4,8.64,1.61,10.52,14.5,12.31,6.15,0.96,Three
RF198,Large,Value,Average,2319.19,81,9.95,1.59,9.89,18.51,14.59,8.07,0.97,Four
RF199,Large,Value,Average,28.78,57,10.82,0.46,-5.75,4.52,7.27,2.87,1.47,One
RF200,Large,Value,Average,2295.91,44,10.56,1.67,10.29,18.61,14.18,7.38,0.93,Four
RF201,Large,Value,Average,1126.63,17.33,11.09,1.49,10.01,17.21,15.54,6.47,1.11,Four
RF202,Large,Value,Average,683.87,18.77,11.82,1.41,9.9,16.94,14.68,6.52,1.13,Three
RF203,Large,Value,Average,86.32,51,9.81,1.45,10.87,14.75,12.89,7.33,1.59,Four
RF204,Large,Value,Low,8.66,31,9,1.25,7.25,11.5,10.96,5.68,2,Two
RF205,Large,Value,Average,1333.05,20,10.1,1.48,8.34,15.47,13.46,6.99,1.35,Three
RF206,Large,Value,High,10.62,51.59,15.13,0.2,-13.79,1.89,5.06,4.1,1.52,One
RF207,Large,Value,Average,329.97,53,9.62,1.07,5.2,10.52,9.33,6.81,1.1,Two
RF208,Large,Value,Average,289.64,32,9.84,1.53,11.13,15.66,13.19,6.05,1.2,Three
RF209,Large,Value,Average,285.29,59,10.35,1.4,7.15,14.96,12.14,6.13,1.16,Three
RF210,Large,Value,Average,119.15,101,10.91,1.47,9.27,16.63,13.6,5.94,1.25,Three
RF211,Mid-Cap,Growth,Average,318.81,88,12.57,1.05,8.49,13.17,14.24,8.12,1.13,Three
RF212,Mid-Cap,Growth,Average,5646.64,73,11.64,1.27,10,15.18,16.42,12.03,1,Four
RF213,Mid-Cap,Growth,High,147.09,249,13.89,0.6,1.28,7.71,7.17,2.65,1.12,One
RF214,Mid-Cap,Growth,Average,159.77,203,11.99,1.12,11.9,13.55,15.13,6.9,1.12,Three
RF215,Mid-Cap,Growth,Average,295.05,18,10.19,1.29,9.58,13.42,15.45,8.49,1.44,Four
RF216,Mid-Cap,Growth,Average,55.17,56.56,12.16,1.04,7.42,12.69,15.81,8.54,0.99,Three
RF217,Mid-Cap,Growth,Average,1089.6,36.3,11.07,1.2,3.48,13.58,18.77,8.57,1.1,Three
RF218,Mid-Cap,Growth,Average,2725.9,11.26,11.68,1.46,9.35,17.68,15.75,8.44,1.31,Three
RF219,Mid-Cap,Growth,Average,187.56,33.67,11.55,1,3.65,11.52,13.12,8.29,1.35,Two
RF220,Mid-Cap,Growth,Average,7976.09,13.15,10.59,1.54,7.4,17.06,16.66,8.29,1.29,Four
RF221,Mid-Cap,Growth,High,374.63,63.4,15.24,1.88,-4.34,12.63,13.02,12.98,1.35,Three
RF222,Mid-Cap,Growth,High,1901.9,18.57,14.07,1.45,10.79,21.41,19.03,9.3,1.38,Four
RF223,Mid-Cap,Growth,High,390.43,123,13.85,1.28,10.4,18.15,15.68,8.33,1.39,Two
RF224,Mid-Cap,Growth,Average,1533.38,66,11.28,1.44,10.53,16.9,14.71,10.9,1.31,Three
RF225,Mid-Cap,Growth,Average,250.62,58,11.75,1.04,3.73,12.3,14.62,8.49,1.22,Three
RF226,Mid-Cap,Growth,Average,2035.04,53.53,10.72,1.41,9.86,15.67,14.81,8.43,1.15,Three
RF227,Mid-Cap,Growth,Average,78.1,16,12,0.99,6.17,11.79,14.25,9.82,1.15,Three
RF228,Mid-Cap,Growth,Average,684.74,48,12.28,1.39,8.97,17.75,17.75,11.02,1.01,Four
RF229,Mid-Cap,Growth,Average,536.7,45,11.76,1.08,4.97,12.85,13.13,8.13,1.01,Three
RF230,Mid-Cap,Growth,Average,415.8,81,11.48,1.24,9.14,14.56,16.92,7.42,1.43,Two
RF231,Mid-Cap,Growth,Average,31.12,110.93,11.23,1.19,5.45,13.62,16.83,8.47,1.43,Four
RF232,Mid-Cap,Growth,Average,380.37,46,11.72,1.18,10.03,14.07,16.24,6.69,1.26,Two
RF233,Mid-Cap,Growth,Average,143.12,166.09,11.95,1.19,6.07,14.43,16.38,8.05,1.36,Two
RF234,Mid-Cap,Growth,Average,876.81,139.37,11.82,1.28,3.36,15.48,16.92,10.05,1.04,Three
RF235,Mid-Cap,Growth,Average,33.25,26,11.7,0.81,4.25,9.21,12.23,7.28,1.4,Two
RF236,Mid-Cap,Growth,Average,56.52,61,12.51,0.92,3.46,11.42,12.05,7.7,1.31,One
RF237,Mid-Cap,Growth,Average,5510.29,52,11.72,1.5,8.41,18.31,13.8,8.1,1.96,Three
RF238,Mid-Cap,Growth,Average,356.22,41,11.55,1.32,14.2,15.75,15.03,7.87,1.23,Two
RF239,Mid-Cap,Growth,Average,975.07,8.38,9.55,1.62,13.51,16.14,14.36,6.77,1.2,Three
RF240,Mid-Cap,Growth,Average,2549.81,58,10.56,1.5,15.11,16.44,15.7,7.24,0.72,Three
RF241,Mid-Cap,Growth,Average,8705.56,16,10.99,1.46,6.76,16.69,15.93,9.41,0.81,Three
RF242,Mid-Cap,Growth,Average,2499.1,89,10.3,1.54,9.22,16.55,15.83,6.96,0.81,Two
RF243,Mid-Cap,Growth,High,9.05,110,15.47,0.88,-3.05,13.19,7.3,3.01,2.5,One
RF244,Mid-Cap,Growth,Average,4964.56,59,11.11,1.42,10.15,16.32,15.05,9.45,1.36,Three
RF245,Mid-Cap,Growth,Average,85.06,112,10.57,1.4,12.83,15.34,15.15,5.75,1.72,Two
RF246,Mid-Cap,Growth,Average,689.53,95,12.72,1.27,6.35,16.54,15.27,9.21,1.21,Three
RF247,Mid-Cap,Growth,Low,1546.93,18,8.92,1.73,11.27,18.1,17.72,10.33,1.44,Five
RF248,Mid-Cap,Growth,Low,3966.77,17,9.09,1.77,13.07,18.91,16.99,10.47,0.92,Four
RF249,Mid-Cap,Growth,Average,2394.24,69,12.86,1.38,9.97,18.12,17.14,9.42,1.04,Three
RF250,Mid-Cap,Growth,Average,1115.57,4,12.09,1.31,0.18,16.28,12.73,7.81,1.64,Two
RF251,Mid-Cap,Growth,Average,72.17,11,12.2,1.11,0.23,13.63,17.08,6.99,1.45,Three
RF252,Mid-Cap,Growth,Average,262.23,33,9.74,1.43,9.88,14.43,15.63,7.55,1.15,Three
RF253,Mid-Cap,Growth,High,6602.14,45,14.28,0.95,0.47,11.86,14.28,9.73,1,Two
RF254,Mid-Cap,Growth,Average,145.48,12,11.68,1.2,6.94,14.24,14.55,9.33,1.82,Three
RF255,Mid-Cap,Growth,Average,12353.88,14,10.72,1.1,1.1,11.86,13.84,9.19,1.1,Three
RF256,Mid-Cap,Growth,Average,1033.55,63,10.81,1.26,8.1,13.94,16.39,9.5,1.11,Three
RF257,Mid-Cap,Growth,Average,698.41,26.26,10.05,1.48,12.21,15.48,15.29,8.07,0.97,Three
RF258,Mid-Cap,Growth,Average,1241.68,106,12.7,1.23,8.41,15.94,16.89,9,1.3,Three
RF259,Mid-Cap,Growth,Average,1204.37,105,11.87,1.34,8.24,16.34,15.65,10.38,1.08,Four
RF260,Mid-Cap,Growth,Average,27.62,104,11.05,1.25,8.86,14.16,15.54,8.38,1.78,Three
RF261,Mid-Cap,Growth,Average,137.22,102,11.19,1.18,5.46,13.47,14.18,11.06,1.59,Four
RF262,Mid-Cap,Growth,High,5.21,50,13.04,0.83,4.92,10.5,11.2,5.92,1.4,One
RF263,Mid-Cap,Growth,Average,188.64,131,12.17,1.04,2.36,12.82,16.18,9.95,1.52,Three
RF264,Mid-Cap,Growth,Average,173.69,27.65,11.8,1.21,7.73,14.56,15.31,8.31,1.25,Three
RF265,Mid-Cap,Growth,Average,96.78,33.38,11.97,1.08,3.15,13,15.42,9,1.5,Three
RF266,Mid-Cap,Growth,High,14.73,28.36,19.13,0.97,13.57,18.2,11.58,4.83,2.45,Two
RF267,Mid-Cap,Growth,High,23.78,49.03,14.57,0.86,2.98,12.25,12.36,8.54,1.2,Two
RF268,Mid-Cap,Growth,High,77.5,92,14.41,1.19,9.97,17.47,17.53,7.28,1.3,Three
RF269,Mid-Cap,Growth,Average,156.8,56,11.95,1.2,6.48,14.65,16.31,8.75,1.13,Three
RF270,Mid-Cap,Growth,Average,230.81,89,12.81,0.96,5.94,12.17,13.43,7.47,1.18,Two
RF271,Mid-Cap,Growth,Average,45.38,109,12.38,0.8,-5.16,9.6,10.75,4.73,2,One
RF272,Mid-Cap,Growth,Average,121.86,7,9.81,1.45,8.76,14.44,16.69,5.09,1.26,Two
RF273,Mid-Cap,Growth,Average,368.29,11,9.78,1.36,7.91,16.74,15.62,8.83,1.24,Four
RF274,Mid-Cap,Growth,Average,343.78,15,10.33,1.55,7.46,16.66,17.77,8.73,1.26,Four
RF275,Mid-Cap,Growth,Average,6092.58,43,10.81,1.45,11.58,16.23,18.33,9,1.37,Three
RF276,Mid-Cap,Growth,Average,112.27,15,10.94,1.1,5.44,12.17,13.95,6.77,0.95,Three
RF277,Mid-Cap,Growth,Average,1476.07,38,11.53,1.16,4.16,13.52,14.32,9.83,1.3,Three
RF278,Mid-Cap,Growth,Average,733.75,98,12.4,1.19,3.07,15.01,15.9,8.2,1.24,Three
RF279,Mid-Cap,Growth,Average,1878.73,32,10.56,1.29,8.85,13.98,12.87,7.26,1.23,Two
RF280,Mid-Cap,Growth,High,93.34,117,14.15,0.97,1.17,13.63,14.49,7.54,1.05,Two
RF281,Mid-Cap,Growth,High,85.66,106,15.15,0.61,0.81,8.5,10.06,8.06,1.08,Two
RF282,Mid-Cap,Growth,Average,814.16,12,10.25,1.23,9.34,12.84,14.06,9.93,1.23,Four
RF283,Mid-Cap,Growth,Average,866.35,53,11.92,1.36,9.21,18.74,16.67,10.09,1.35,Four
RF284,Mid-Cap,Growth,Average,336.77,32,12.45,0.84,2.43,10.18,14.38,8.29,1.08,Two
RF285,Mid-Cap,Growth,Average,732.89,40,10.26,1.39,9.02,14.69,14.56,6.34,1.35,Two
RF286,Mid-Cap,Growth,Average,641.97,24,10.8,1.54,9.24,17.37,16.12,8.63,1.24,Four
RF287,Mid-Cap,Growth,Average,598.75,57,11.59,1.17,5.71,13.73,15.02,8.68,1.18,Two
RF288,Mid-Cap,Growth,Average,323.54,48,11.03,1.61,12.17,18.67,15.59,8.08,1.21,Three
RF289,Mid-Cap,Growth,Low,1130.73,45,9.31,1.48,8.67,14.26,10.94,5.03,1.59,One
RF290,Mid-Cap,Growth,Average,4784.35,10,10.68,1.53,4.99,17.03,15.17,8.88,0.79,Two
RF291,Mid-Cap,Growth,Average,44180.61,12,10.16,1.52,7.96,16.08,15.28,9.13,0.82,Four
RF292,Mid-Cap,Growth,Average,1476.07,38,11.53,1.16,4.18,13.52,14.32,9.83,1.3,Three
RF293,Mid-Cap,Growth,Average,733.75,98,12.4,1.19,3.07,15.01,15.9,8.2,1.24,Three
RF294,Mid-Cap,Growth,Average,1878.73,32,10.56,1.29,8.58,13.98,12.87,7.26,1.23,Two
RF295,Mid-Cap,Growth,High,93.34,117,14.15,0.97,1.17,13.63,14.49,7.54,1.05,Two
RF296,Mid-Cap,Growth,High,85.88,106,15.15,0.61,0.61,8.5,10.06,8.06,1.08,Two
RF297,Mid-Cap,Growth,Average,814.18,12,10.25,1.23,9.34,12.84,14.06,9.93,1.23,Four
RF298,Mid-Cap,Growth,Average,866.35,53,11.92,1.36,9.21,16.74,16.67,10.09,1.35,Four
RF299,Mid-Cap,Growth,Average,336.77,32,12.46,0.84,2.43,10.18,14.38,8.29,1.08,Two
RF300,Mid-Cap,Value,Average,732.89,40,10.29,1.39,9.02,14.89,14.56,6.34,1.35,Two
RF301,Mid-Cap,Value,Average,641.97,24,10.8,1.54,9.24,17.37,16.12,8.63,1.24,Four
RF302,Mid-Cap,Value,Average,598.75,57,11.59,1.17,5.71,13.73,15.02,8.68,1.18,Two
RF303,Mid-Cap,Value,Average,323.54,48,11.03,1.61,12.17,18.67,15.59,8.08,1.21,Three
RF304,Mid-Cap,Value,Low,1130.73,45,9.31,1.48,8.67,14.26,10.94,5.03,1.59,One
RF305,Mid-Cap,Value,Average,4784.35,10,10.68,1.53,4.99,17.03,15.17,8.88,0.79,Two
RF306,Mid-Cap,Value,Average,44180.61,12,10.16,1.52,7.96,18.08,15.28,9.13,0.82,Four
RF307,Mid-Cap,Value,Average,3115.94,82,10.8,1.21,17.75,21.6,18.54,9.53,0.8,Five
RF308,Mid-Cap,Value,Average,9290.11,81,10.8,1.73,10.76,19.36,16.37,8.1,0.76,Three
RF309,Mid-Cap,Value,Average,1478.08,6,9.51,1.86,7.95,16.48,15.15,7.4,0.69,Two
RF310,Mid-Cap,Value,Average,9029.62,87,9.71,1.71,12.67,17.48,16.75,8.59,1.14,Three
RF311,Mid-Cap,Value,Average,397.61,13,11.3,1.78,14.53,21.36,17.4,8.67,1.3,Four
RF312,Mid-Cap,Value,Average,486.35,57,11.89,1.06,4.59,12.71,11.46,8.43,1.2,Two
RF313,Mid-Cap,Value,Average,541.94,45,10.67,1.78,9,19.95,19.21,8.72,1.25,Four
RF314,Mid-Cap,Value,Average,37.73,110.42,10.37,1.05,9.09,10.9,10.02,4.89,1.95,One
RF315,Mid-Cap,Value,Average,9.72,241,10.36,1.15,14.06,12.06,11.56,4.21,1.96,Two
RF316,Mid-Cap,Value,Average,2075.38,17,10.57,1.72,6.71,30.89,14.2,4.54,1.56,Three
RF317,Mid-Cap,Value,Average,63.58,25,12.38,1.38,8.53,17.76,16.01,9.52,1.69,Three
RF318,Mid-Cap,Value,Average,91.95,34,9.9,1.73,13.23,18.08,15.73,7.87,1.21,Three
RF319,Mid-Cap,Value,Average,124.51,127,11.77,1.29,9.24,15.48,13.19,7.17,1.33,Three
RF320,Mid-Cap,Value,Average,1108.85,61,11.1,1.37,13.54,15.71,13.16,6.58,1.05,Two
RF321,Mid-Cap,Value,Average,10.23,689,11.32,1.31,8.18,15.21,14.01,7.04,1.78,Two
RF322,Mid-Cap,Value,Average,413.11,77,11.08,1.6,10.71,18.67,16.84,8.49,1.11,Three
RF323,Mid-Cap,Value,Average,4087.26,108,11.07,1.5,9.76,17.28,15.18,10.81,1.1,Four
RF324,Mid-Cap,Value,High,108.75,410,13.58,1.42,8.83,20.16,16.43,6.65,1.52,Two
RF325,Mid-Cap,Value,Average,134.84,21.67,12.68,1.18,4.78,15.22,14.71,6.44,1.21,Two
RF326,Mid-Cap,Value,High,1129.25,34,13.33,0.62,-6.07,7.77,10.94,7.9,1.22,One
RF327,Mid-Cap,Value,Average,187.88,55,10.98,1.38,5.4,15.67,15.2,7.91,1.26,Three
RF328,Mid-Cap,Value,Average,1494.88,58,10.46,1.75,12.12,19.33,16.62,9.2,1.32,Four
RF329,Mid-Cap,Value,Low,56.82,51,9.31,1.64,12.89,15.97,14.58,7.07,1.24,Three
RF330,Small,Growth,High,23.05,295,14.23,1.22,-1.43,17.66,17.8,7.75,2.71,Four
RF331,Small,Growth,Average,183.22,76,12.98,1.17,7.25,15.41,16.61,6.89,1.44,Three
RF332,Small,Growth,High,372.44,75,13.76,1.15,6.45,16,16.84,8.95,1.47,Three
RF333,Small,Growth,High,193.74,98,15.17,1.11,-2.2,18.89,17.65,7.91,1.43,Four
RF334,Small,Growth,High,38.1,130,14.92,1.29,-0.68,19.84,17.58,8.25,1.49,Three
RF335,Small,Growth,High,216.33,129,13.51,1.04,1.22,14.12,17.96,6.71,1.36,Three
RF336,Small,Growth,Average,5188.64,16.41,11.98,1.25,3.2,15.34,15.23,8.03,1.3,Three
RF337,Small,Growth,High,792.9,132,15.56,0.92,1.75,13.94,15.33,8.84,1.14,Three
RF338,Small,Growth,High,218.01,152,15.57,0.89,1.64,13.52,14.78,8.18,1.62,Two
RF339,Small,Growth,High,685.86,76,14.83,0.85,-4.04,12.26,14.71,9.75,1.41,Three
RF340,Small,Growth,Average,295.1,97,12.78,0.9,-0.99,11.38,15.41,8.13,1.41,Two
RF341,Small,Growth,High,632.84,18,14.95,0.86,-6.51,12.43,14.88,8.45,1.1,Three
RF342,Small,Growth,High,136.71,72,13.68,1.05,2.4,14.42,17.89,5.95,1.41,Two
RF343,Small,Growth,Average,113.62,44,12.36,1.11,5.16,13.79,13.26,8.86,1.36,Three
RF344,Small,Growth,Average,117.15,58,12.38,1.09,4.24,13.59,13.2,8.92,1.27,Three
RF345,Small,Growth,High,287.29,70,15.58,1.16,0.23,18.4,19.55,9.55,1.34,Four
RF346,Small,Growth,High,686.76,65,15.72,1.08,2.71,16.72,15.37,8.1,1.96,Two
RF347,Small,Growth,Average,1128.87,148,12.84,1.25,2.98,16.48,16.24,9.25,0.81,Four
RF348,Small,Growth,High,27.75,118,13.76,0.92,0.41,12.39,9.9,4.13,1.49,One
RF349,Small,Growth,Average,1966.14,98,11.62,1.5,10.3,18.16,19.01,10.02,0.93,Five
RF350,Small,Growth,High,60.62,20,13.91,1.03,5.47,13.83,15.21,10.75,1.91,Four
RF351,Small,Growth,Average,30.69,58,12.4,0.56,-0.73,6.37,10.14,6.88,1.97,Two
RF352,Small,Growth,High,84.19,284,14.96,1.05,1.61,15.75,15.27,8.02,1.26,Two
RF353,Small,Growth,Average,318.82,31.59,11.84,1.02,3.08,12.02,15.11,8.52,1.22,Three
RF354,Small,Growth,High,101.58,125,14.24,1.02,3.63,14.39,15.72,8.12,1.46,Two
RF355,Small,Growth,High,233.42,90,13.33,0.96,6.78,12.6,13.82,7.47,1.45,Two
RF356,Small,Growth,High,46.35,70,16.83,0.79,-10.42,12.65,12.43,2.91,1.53,One
RF357,Small,Growth,High,26.47,71,16.07,0.92,-14.05,14.39,12.74,4.81,1.86,One
RF358,Small,Growth,High,8.11,134,14.48,0.86,-4.26,12.16,15.01,5.96,2,Two
RF359,Small,Growth,Average,96.01,67,12.76,0.87,-3.57,10.83,12.57,4.83,1.44,Two
RF360,Small,Growth,Average,14.82,654,12.39,1.15,4.36,14.39,16.01,7.48,1.81,Three
RF361,Small,Growth,High,149.65,57,13.63,1.14,1.26,15.73,16.6,6.03,1.24,Two
RF362,Small,Growth,High,39.35,57,13.62,1.01,-1.37,13.74,16.46,6.86,1.55,Three
RF363,Small,Growth,High,48.41,46,13.54,0.96,6.14,12.91,17.1,8.52,1.25,Four
RF364,Small,Growth,High,141.82,90,14.16,0.94,-4.58,13.15,14.84,6.5,1.3,Two
RF365,Small,Growth,High,202.51,31,13.15,0.58,-4.86,7.09,9.97,8.24,1.51,Two
RF366,Small,Growth,Average,341.83,79,11.99,0.7,-1.02,8.06,10.51,7.99,1.49,Two
RF367,Small,Growth,Average,5290.75,26,12.73,0.83,-2.45,10.24,12.06,7.38,1.26,Two
RF368,Small,Growth,High,872.64,45,13.91,0.86,3.2,11.68,11.7,7.19,1.49,Two
RF369,Small,Growth,High,42.79,677,13.32,1.03,4.53,13.68,15.72,7.29,1.52,Three
RF370,Small,Growth,Average,237.73,17,12.83,1.19,5.77,15.55,15.24,6.66,1.27,Three
RF371,Small,Growth,High,15.78,152,17.73,0.17,-10.76,1.53,5.12,0.94,2.25,One
RF372,Small,Growth,High,152.48,75.51,17.55,0.62,0.57,9.94,10.49,9.18,1.47,Two
RF373,Small,Growth,High,104.84,78,13.69,0.97,-4.24,13.31,15.42,8.1,1.4,Three
RF374,Small,Growth,High,58.32,127,14.36,0.91,-0.33,12.86,14.82,8.03,1.25,Three
RF375,Small,Growth,Average,977.87,26,11.14,1.33,10.41,15.25,17.2,7.52,1.18,Four
RF376,Small,Growth,High,298.95,26,14.2,0.96,-3.08,13.4,14.94,6.79,1.9,Three
RF377,Small,Growth,Average,150.35,71,12.72,1.21,0.75,15.74,12.95,9.48,1.95,Three
RF378,Small,Growth,Average,273.71,50,11.35,1.42,7.56,16.68,16.13,7.08,1.2,Three
RF379,Small,Growth,High,103.24,38,14.4,0.9,-0.89,12.73,15.63,6.41,1.49,Two
RF380,Small,Growth,Average,94.56,15,12.95,0.97,3.95,12.48,13.51,8.71,1.25,Three
RF381,Small,Growth,High,480.46,91,13.48,1.29,-0.56,17.86,13.21,6.5,1.5,Three
RF382,Small,Growth,Average,28.11,88,12.96,1.15,4.97,15.08,16.39,7.68,1.5,Three
RF383,Small,Value,High,5434.31,73,13.19,1.1,4.1,14.66,14.77,7.56,1.2,Three
RF384,Small,Value,Average,260,18,12.02,1.25,5.22,15.36,14.03,8.05,1.35,Three
RF385,Small,Value,High,83.91,89,13.92,1.05,3.28,14.7,15.04,5.09,1.4,Two
RF386,Small,Value,High,928.53,17,13.25,0.87,0.99,11.33,10.38,7.49,1.22,Two
RF387,Small,Value,High,145,35.75,13.18,1.18,4.98,14.63,12.43,9.19,1.29,Four
RF388,Small,Value,Average,692.29,73,11.71,1.1,3.99,12.92,13.48,7.63,1.29,Three
RF389,Small,Value,Average,1121.08,35,12.36,0.99,0.15,12.23,11.12,8.66,1.39,Three
RF390,Small,Value,High,1080.5,32,13,0.88,-1.32,11.14,11.52,6.35,1.08,Two
RF391,Small,Value,Average,134.18,62,12.39,1.02,3.3,12.68,16.18,6.16,1.51,Four
RF392,Small,Value,High,1572,40,13.2,1.15,4.46,15.43,15.18,7.56,1.33,Three
RF393,Small,Value,High,2772.47,20.7,13.04,1.12,7.94,14.74,15.44,8.16,1.01,Four
RF394,Small,Value,Average,1694.55,62,10.42,1.14,6.72,12.06,11.17,8.73,0.83,Four
RF395,Small,Value,Average,66.04,64.2,11.02,1.29,-7.52,14.59,14.38,6.24,1.76,Three
RF396,Small,Value,Average,19.71,413,12.93,1.05,3.11,13.04,13.84,6.06,1.8,Three
RF397,Small,Value,Average,325.74,68,11.76,1.2,2.52,14.34,14.45,5.36,1.41,Two
RF398,Small,Value,Average,75.01,0,12.08,1.07,4.41,10.88,11.01,6.66,1.27,Three
RF399,Small,Value,High,2146.92,39,14.24,0.98,-3.95,13.89,14.31,7.75,1.48,Two
RF400,Small,Value,High,802.03,51,13.36,0.57,-0.46,6.99,6.67,7.91,1.48,Two
RF401,Small,Value,High,19.29,506,13.18,1.01,4.03,13.29,11.94,6.08,1.56,Two
RF402,Small,Value,High,20.01,658,15.36,0.8,-2.7,12.47,11.15,4.15,1.53,One
RF403,Small,Value,Average,460.63,40,11.55,1.08,3.69,12.54,11.46,5.6,1.37,Two
RF404,Small,Value,High,97.16,32,13.57,0.86,0.84,11.36,13.67,9.02,1.35,Three
RF405,Small,Value,Average,1862.39,44,11.56,1.34,3.15,15.97,17.33,8.79,1.57,Three
RF406,Small,Value,Average,1172.08,121,12.83,1.23,9.79,16.17,16.38,8.91,1.51,Four
RF407,Small,Value,High,29.01,60,13.54,1.25,6.96,17.36,14.87,7.42,1.5,Three
